{
  "pr_auc": 0.64757790503725,
  "roc_auc": 0.8639082099751915,
  "recall": 0.6882160392798691,
  "precision": 0.34537987679671456,
  "f1": 0.45993984140005467,
  "f2": 0.5742182165779052,
  "confusion_matrix": {
    "labels_order": [
      0,
      1
    ],
    "matrix": [
      [
        20818,
        1594
      ],
      [
        381,
        841
      ]
    ],
    "tn": 20818,
    "fp": 1594,
    "fn": 381,
    "tp": 841
  },
  "classification_report": {
    "0": {
      "precision": 0.9820274541251945,
      "recall": 0.928877387114046,
      "f1-score": 0.9547132604159501,
      "support": 22412.0
    },
    "1": {
      "precision": 0.34537987679671456,
      "recall": 0.6882160392798691,
      "f1-score": 0.45993984140005467,
      "support": 1222.0
    },
    "accuracy": 0.9164339510874164,
    "macro avg": {
      "precision": 0.6637036654609545,
      "recall": 0.8085467131969575,
      "f1-score": 0.7073265509080023,
      "support": 23634.0
    },
    "weighted avg": {
      "precision": 0.9491094825801576,
      "recall": 0.9164339510874164,
      "f1-score": 0.9291309164184285,
      "support": 23634.0
    }
  }
}